0,1,2,3,4,5,6,7,8,9
-0.898805286037129,0.16942685211184147,-0.0657502610729878,-1.5231869047837747,0.37721187506452086,-1.4335125591511695,0.5583323441689989,-1.1360963821251406,1.5655240292343404,-0.5589218472715883
2.1510611725965894,-1.3642442628563158,0.02127157673606165,-0.651356893791829,0.5863640187550933,4.382631439044585,0.8477267644699721,1.1194328049745543,1.2382830714336357,-0.5286166817497568
-0.32418856966117665,-0.1871271591162222,-0.08268068584269925,-1.141689114133505,-0.7168223206028049,0.6852971655151557,1.0401993031108752,-1.2246321340539743,-1.86653661707306,-0.19365945927971812
-2.7691887546138885,2.751915151035389,1.0143700650181304,0.472597482413043,0.9826909839455139,-1.2649999769226954,-1.8248911842182398,-2.029325383979125,1.6654744444625766,0.25602973431387566
1.2251006485526283,-2.0433842340945336,-0.18047991359062565,-0.2918112689155441,0.883109777147159,-0.1304562711095687,2.256853857629733,0.15291795037758937,-0.07783719701280203,-1.563190808696657
-0.2728837890008298,0.24499294126246002,1.1965715016644913,-0.015309849172995557,0.11958036841415326,-0.834166671428346,-0.3305116420169629,0.06466442918806825,-0.9730689408815555,0.5792914996010884
0.9708797921749367,-0.7986791379353577,0.5597904479310398,0.17770100093325383,0.3801978510059632,0.7615375973789651,0.3994698790848903,0.7861966284170894,0.6105857452838231,-1.3353443587101013
1.8608326341017758,-0.825849804685436,-0.6022120603617805,-0.027514905050636255,1.66125921454787,1.5419780976855768,-0.616412908522489,2.354989243772604,-0.45709625658627184,1.772251596669744
-1.1479166451579743,0.5979087818021807,0.5655096456315442,0.3088330125989638,0.24075317948856828,0.7335148427353051,0.6856665347782769,-2.048248693095389,2.601683114180395,1.702214944635238
1.324227490541734,-0.5997568811861411,0.33848384346169114,0.5796331732135757,0.19438430157733602,1.648954455475929,-0.2568672836162762,1.4295408393104823,-0.35316629281068834,0.32579631658216646
-1.0493230049545503,0.6191119956333888,0.5925269492011831,2.006092888159123,1.2083662305931424,1.3205920272463925,0.6680039984326922,-2.053993164335502,1.0240625258114624,2.061503576636398
0.33293310577061785,0.28014556023805237,-0.5765104007267194,-1.1701130260593595,0.541462728204788,0.13998666321386477,-1.002372608482688,1.014101498287673,0.7591551603026468,-1.8019804375800197
0.9356104552749661,-1.8955416641772287,-0.33477533210654087,0.48473281729447476,-0.643549832317462,-0.32582795691983524,2.326866350841338,-0.2078617838208383,1.0299608175811612,-0.8463566549908735
2.881910437476359,-3.4757758525014886,-0.24415663529064868,0.32135721545027307,1.613711269058647,-3.386781042460486,1.7741542531244847,3.317474501571604,0.45353430151397983,0.42192075423528475
0.8885630997509184,-1.3980769547724399,1.7359638031652493,1.3173940656343257,2.0752608726252655,-1.006874590675942,1.208547122642478,0.5984944747251413,-0.6891878180895679,0.19759960469239965
0.15051536625924683,-0.34110280679092664,0.44770856001731496,1.1172958315881276,0.4567532191537839,-1.3079141363469238,0.08739443243214462,0.44759709156138405,0.5697672802322039,0.34272534637770413
1.8102897555627742,-2.5889845069595276,1.1081828167375165,0.9980101098596522,2.0883747047807275,-3.400606527440095,1.5592103934312238,2.109689178545165,-0.13958962815517376,-2.8962553781936893
1.0270404391352974,-0.5716041278609544,0.38193545223155334,-0.3486521344078592,-0.3216350512173826,1.5251386943948448,0.08344996708264729,0.8722067692031815,2.076747983560841,-0.3492577043184288
-1.2907587021732712,1.1401634931932145,-0.7783047254023127,-0.18398333635267913,0.34758170536167105,-0.9832017277558769,-0.6789309052079286,-0.9593936278335463,-0.5397596803093615,0.01843393306539316
-0.8371420810769772,1.0185374174295114,-1.5566291735239037,-0.5227230205190395,-0.7043436905427592,-0.1025499735920603,-0.8437485490730561,-0.49713200072370567,-1.4084612963635597,1.0490092258368893
-2.264746154784412,2.1320465613794415,0.7003098794089914,2.632382064837391,0.1848361236948739,-1.2233107001758308,-1.3100114782300154,-1.72900154074071,-0.8583577801812136,0.4933179008808892
0.11390006018372839,0.5039986678478435,-0.033126972873797095,-0.1769472274940494,-1.3793192280145272,-1.7489523408296352,-1.6706226535112045,1.6112463067441412,-0.7309300399419191,-0.7982972445384537
0.9435792598041187,-0.21977997971167462,0.5365098435704035,-0.6680904536430488,-0.17495975669540864,1.6587388386457145,-0.4585852726666909,1.0757301174268237,-0.7557451594928447,0.9920423495365228
0.5954187703233295,-0.19788605945509216,0.9495541354413237,0.1605739810498646,0.43693816974634986,0.7014735361545829,-0.27005973364398517,0.7494042539842145,1.1906462747863413,0.0030460201534144695
0.0994896520468941,0.17564490695177631,-0.4455025214007718,-0.5172884501003722,2.2988981236192503,-0.7770543187486738,-0.7170204263217894,0.7614311333033883,-0.36283856043965906,1.40934744018558
-0.14206150081135582,0.6755902675596203,-0.535235211560568,0.3934853854217496,0.6351718016819695,0.16878658113671818,-1.0923943657504869,0.4670843979971735,1.0495527153193351,0.8951932200277323
0.10311522218879597,1.4425927205877582,-0.6568942789713957,0.1846803058649084,-0.9716140385106515,0.9050444480916446,-2.7674991905735915,1.650516895989231,1.2004139079444254,-1.3471262895296965
0.6311971199844623,-0.7064478717889545,1.3800913541474515,0.8836599374866724,-1.5763921569842494,-0.4101829674907439,0.37409735695679325,0.6562278690621139,1.4765403497258958,0.6523228784134196
-0.14445320898686959,0.015551595090931269,-1.1196174332890112,1.088748619704186,1.543243528272189,2.1174472649938227,0.7844376724016758,-1.1814412521273738,-0.4888494217862741,1.884586305934609
0.8769315196829353,-1.797822513651011,0.7011727423108983,0.9640871682883573,-1.2276078151369925,-2.003572582263942,1.7374981069900424,0.49056303710765636,0.597400069849858,1.1894704889246406
0.2682360795399398,-0.6861942664390491,-0.27681329988892067,-1.9663565893760018,-1.1032083657216831,0.417416226736654,1.0978245887479443,-0.4524758799088857,-0.221253623585772,2.056207129940322
-0.9308806868056408,1.2195300580812334,-0.8036745679697308,-0.5574917850078336,-0.08828204835125482,1.2164588055069163,-0.7311017084197199,-1.001686883588697,2.5797093376543185,-1.3698029795790778
0.9693612596422425,-1.363345262101294,-0.19634984908497827,0.43004164719106963,0.23878915902651351,0.5446579554504845,1.4655773912111916,0.1667913371482871,-0.2590421458207031,1.0302834540318422
0.917042823913482,-0.7484268175959542,0.742095372009307,0.6779258713392691,2.1573082132655035,0.8607150148490849,0.4058645643515819,0.6907901892488333,-0.6057149230033384,-0.48791140814570266
0.011426548552380825,-0.22082015148255857,0.7348777860498175,0.28257995048829965,1.6073455760199926,1.3527011878807187,0.8105385581495054,-0.8187746241556819,0.49097495163825133,-0.24869112618354708
0.08352590925779266,-1.168354956411366,0.19408999289830758,0.27902152577033923,0.1866091231563581,-1.4817463210303277,1.7845386487742085,-0.6606253818751902,-0.44643361455052827,0.6078965097165392
0.3842923825066004,-0.6397457421951308,0.3996879517526416,0.6628812686674127,0.18102155870370695,1.4366713288225392,1.1280390981767872,-0.5699119892849942,-1.2968319479558466,1.173473857485325
-0.6735247277605705,0.9267906370268357,-1.2221278088919454,0.7216720640432351,-0.5245202662797737,-0.8148793913491622,-1.1022785170758893,0.04142896598267898,0.48937456122791806,-1.1290517712172292
2.1559660611714286,-3.1237780286965537,0.99626681944714,-0.04692057887918407,0.07682189106025536,-3.034558022548156,2.227924765103931,2.036258116863011,-1.2829922241885696,0.47704082722312147
-0.28595948878491234,0.5472858376381533,-0.186971302985446,-1.3118362323501596,-0.30522470435466764,-0.5826686360906688,-0.8423492911569213,0.30938528205268556,-0.6095122021592831,-1.0651136630753726
-0.9622369360553517,0.07978381678850988,0.02688583899453078,-1.1583646891925428,0.8773622905756714,-1.4227823778622135,0.8323220881404049,-1.3903981985107299,-0.22096417382966393,1.5033983017671506
1.397687715814621,-0.5016685874293385,-0.3653215513121087,0.4599721429391164,2.013387247526623,2.5658877722366915,-0.29698280560448265,1.3272826951391987,0.13653533108273744,-0.6777153697521061
1.610202317742508,-0.9769791756467687,-2.3629324355418384,-1.072139011985607,0.4365598041576678,1.3259480214614534,-0.012639247101348117,1.7127937422494854,0.9039348410861953,-2.9213504834946074
1.6183372591963194,-1.1004768432519947,0.06447441481012024,0.056649924897107164,-0.07049877805909122,2.8335816326016756,0.652931764183531,0.9437915268006787,0.4865016438262019,0.5296927543567308
-1.3208432920938595,0.8878819038405317,0.24333944932269183,-1.0700847663261526,-0.6919080698812444,-0.08238268436185536,0.12543676288347538,-1.7181520779209412,-0.045586016355497805,-1.5255251709247388
1.5768474079526678,-2.083293795068428,-0.37061433208610595,-0.6716233679380516,1.1727290192593647,-2.194499025246701,1.2350263094208334,1.731015825048013,0.5436001545944323,-0.025554070991445278
1.377253303616039,-2.6736494555250485,1.2269332238843076,0.46877425607502377,0.30179189981946597,0.8098142396327929,3.5613683285229194,-0.7004541931188566,0.7660802783846903,-0.9983854391882915
0.5060203657764524,-1.1113959801405686,1.9140313538667861,-1.0399059271255309,-1.0534155631736561,-1.788647789388638,0.969246413433018,0.45558382018414645,-0.6237689606958051,0.6127739050625697
1.5796528229476192,-1.895861433857006,2.589563642018614,0.4283070972076486,0.985729995679863,0.5082440136617192,1.6301286725866797,0.8387795998531811,1.1873860515647512,-0.18714426500454878
2.1810517164266736,-1.9757348074053647,-2.8722622132816493,-1.5947030672667954,-0.5327008396619114,1.562366774223293,1.216914304789368,1.60108563389334,-1.169916835710288,0.5136001065697166
-0.5479025242539408,-0.849467772692269,-0.08973569428722672,0.6427227598675439,0.19652116970147013,-2.1585248449707386,1.8727167435994396,-1.3469657400541104,0.7090037575885123,1.3291525301324314
-0.048837516901029845,-0.45625529620243255,-0.21398884422550896,0.23421473253652075,-0.998354040738791,-0.7831510054933608,0.7567641756576795,-0.3488946589448705,0.9843223984765838,1.5505004928140769
-1.4975768139902013,1.8303669326311514,-0.05576907765770601,-1.2096410186912054,0.4190190093660452,1.9654773997560655,-0.9113868530515942,-1.7797944529224878,-0.7050118557584089,1.6725723868377034
1.928750158379121,-3.2675251749247414,-1.0227925651984056,0.4363236696740321,0.1200313267182613,-1.5513254420457603,3.268897179741487,0.7417410500166641,0.6135179727304166,0.03800347816820029
0.49177851210872053,-0.3483622965043835,0.3465038817307158,-1.1196698946261439,1.1608267873785194,-1.5992154196524027,-0.47734520527148194,1.300696644511228,-0.46770120131189136,-1.2946814757209058
-0.20502466209548914,-0.10967886606721121,-0.372206776071053,1.221033695525353,-0.22648409884983192,1.439214041597284,0.9282059945129747,-1.1852820252520415,-0.9594392367234797,0.5820977034686158
0.11585264226036329,-0.6699946018874815,-0.46603650186824225,0.14088624691120394,0.32316771418478146,0.3623906004714773,1.2712249527821735,-0.739588311349835,-0.14760258629866868,-1.7684393655628516
-2.8380709361000935,2.6932139524925005,0.620672097550678,-1.5702247198904564,-0.24751863555150475,-1.3121334310250266,-1.6212252223993304,-2.232447689585622,-0.07443342910004629,-0.7271371758248686
-0.009232767663475262,-0.67311366154634,-0.5805234498047227,-0.13845598398377382,-0.20902325728602528,0.3560510760160507,1.4574005922214406,-1.0121002842152869,-0.8505204542093001,-1.2242982362893657
-1.7869902078458662,1.586545002205308,-0.7128457826771644,-0.5736620068802363,-0.03275327021599839,-1.629514494821232,-1.0327221725281501,-1.2056750255063642,-0.543424771133765,-0.5468589412403921
1.3267670248026526,-0.732747314603604,0.9960476858058164,-1.0469109826819396,1.185704154662997,2.2302570769923573,0.17085714824856768,1.0248422895031888,0.7189533106650667,0.5366527525272862
-1.1753680756281355,1.4199802619421744,-0.9683444548636353,0.9407711879882159,-0.2246331499970246,1.2862116113227045,-0.7555646636407881,-1.3101430375977667,0.5500520990245519,-0.9824873935383096
1.9572016769237217,-1.414678940772821,-0.2523535021262876,-0.9533286082587124,1.6246784584695606,1.9980093313756937,0.5480627418179571,1.6355222900489947,0.3230792731160291,0.12267031599479553
-1.1740089566121579,1.108085269301373,-0.037634702424848364,0.2110174672026184,-0.5449190868089497,-0.14458813837796936,-0.5448033830551609,-1.097924674880771,0.39913611435207086,-0.09671311187039239
0.2641605856770366,0.8625818705379675,1.188393273448084,1.7945578635177877,0.2237879516388985,-1.2816330577193842,-2.4703358222739515,2.1901916687080627,-0.016422896072752075,-0.5176112990361714
-0.9467037537199476,0.3290997689181494,0.6731813512699584,-1.7607627591558177,0.38115838488277776,-0.23526325017102945,0.6522220412986586,-1.5423549807187933,1.2897527540827456,0.7533416211045325
0.11948667309462152,-0.047496032041734984,-0.7539645888666763,0.7589285897867651,0.10420110395187607,-0.4685762266397604,-0.21292838739524,0.39608207246624794,-0.06259312789952241,0.2811914239693758
-0.3095651035479977,-0.3865767124223786,0.4241659464019164,0.1979107834626478,-0.48388583405432156,-1.3542911104054502,0.833376260470317,-0.5876449495543021,-0.32034730819432017,-0.6514180036144483
0.7670343170490034,0.5722343587373082,-0.25083301645504735,-0.7567950885694608,1.5013336519554867,2.216958446403029,-1.6216473637232314,1.450556599667983,-0.32267983884213575,-1.4218106667418438
1.0104540421778885,-1.3595573430416084,1.050654396007612,0.3649610024662254,-0.05761879703358539,-2.207934007748312,0.6111425000095483,1.414554227433035,0.2010990467149675,2.403415585238275
0.8166963682983117,-0.47189246292159565,-0.7280029412291344,-1.0097307047099375,2.0574954697116987,1.043730261297289,0.05262271146567965,0.742708633542438,0.020793707675407894,0.6191542610051978
0.6574032310524914,-0.334319848467502,0.18335991977915564,-2.59104229214491,0.3918040054025465,0.9529310645381588,-0.016179305339517502,0.6075815852749017,-1.4789115687741288,-0.5462444482524828
1.7465492731179946,-3.4426943511567694,1.1950466289248425,1.073631749859772,0.132969674146876,-3.230239198784004,3.4028207837809346,0.8310936057233096,-0.7001208149391732,-1.0265152994110602
0.4100845705329089,-0.4244131633830466,-0.7859894605079495,0.1335409047822823,0.7081086766885905,-1.9705539620344759,-0.31318107547321117,1.1839754287606832,0.9567023167945841,-0.1524698363805439
-1.0036134291542922,1.2176062251957518,0.17086543812794186,0.3078017688920592,-1.348185422105713,-1.0069905977453066,-1.2574201460885772,-0.2297414453010327,0.743264094022715,-1.7101683926566256
1.7719223860613589,-0.37544107127940757,0.7368438970924334,-0.021367294348436157,-2.4242402602729416,1.8580494027202352,-1.2949217966004438,2.593642142205518,0.8840453963610497,-0.7472116791478234
1.5578357016163114,-0.9317657303958818,0.46642998243352635,0.7942646796218271,0.2935579321666293,1.2200248824289168,-0.05698715572154511,1.700246198749879,-1.356581804623405,-1.2542894231692494
-0.8974505038723103,1.182846254878095,1.2130976999791834,1.091310120594269,-1.092312764672579,0.7452755980718295,-0.8412808233443723,-0.7775985227049704,-0.3164084496948019,0.609138120907177
-1.0487324198761379,1.4958645775234838,-0.2949496782920278,-1.243863235391285,-0.7184072655691974,0.9078860890352217,-1.1990880779168693,-0.7819041987877633,0.8949243769444413,-0.6929051977959073
-2.81678111079733,2.7586575307195185,1.8124485579969287,-0.7031764251258874,1.77080063563551,-0.7961253609338105,-1.6350902907337181,-2.3206487415021853,-0.6269670577877674,-0.0349884904969617
-2.127306121013004,2.1038285929922367,0.517659020469123,-1.8408742313316453,-0.6248185776956788,-1.8446421265626844,-1.6311526063619675,-1.2058108134203231,0.026091050210833786,-1.2795769667357015
-0.5174795956150365,1.8763519701833515,0.5999287299962045,-1.9754665663538713,-0.14408755572161547,-0.16213343573852645,-3.0357583295675763,1.2951622342014184,-1.2096947428411076,-0.9393353938187543
0.6992719382059049,-0.812045366892393,-0.1730718242838696,-0.29756350335999193,-0.15005558703252672,-1.3200006061436433,0.22554757118736013,1.0530379496223925,0.12557645347154225,1.3757068133116195
0.5693240855712421,-0.9053836041881497,-0.17262729994081963,1.6839276914578687,1.0786808334312956,0.0026784053452328926,0.9787463644431427,0.09988250960326495,-0.03850846950070721,-0.45888426286894
1.8871207908533212,-1.8543500349378426,1.1398785611290454,-0.29540141013902943,1.3175975356079597,0.9627572075706812,1.2305345395132699,1.3670064727424733,-1.0065425652796411,0.1684609762696143
1.518375301866536,-1.5802137897966695,0.08614388304637476,0.6931056072631441,-0.3670278390833223,1.2788901743425956,1.3101696352602554,0.7780598762192746,-0.8275902206487197,0.1764415552772252
-2.343667412667723,2.337267184930316,-1.4066610968482223,-0.7257438131534656,-0.7553829323533225,-1.2862081567648445,-1.6225151937937672,-1.6168248277324937,-0.6115178029919482,0.18676676447707832
0.8180930034068162,-1.291459301439883,0.5725827813561586,-0.2811002928859549,0.6408428612670098,-0.9626105575381577,1.1110183594397796,0.5606131137852965,-0.5711789897827968,1.7976865268495226
-0.4496813772478184,-0.36885959636158305,-0.643518230380143,1.328194141849058,0.45588777208160763,-0.40151874691940304,1.274127913273781,-1.2687300248790185,2.165002344901084,0.5562300094006599
0.8413692291959757,-0.8912845861948525,0.7326400772155792,-0.07160125941406395,0.7276295436369798,0.484678265488099,0.6931469977876359,0.5054441707176913,0.05194588580729943,-0.03722223650984159
0.13830956628237806,0.6114497233109204,-0.03468488738678118,-1.344450511034277,-1.0041407667520679,-1.2468153927551129,-1.7767491893246348,1.5882239455508644,-0.7677975651041284,-0.9186519464841982
1.2950623921942221,-2.008062892720624,-0.22647889190152676,-0.10015407647995278,-0.877982586756561,0.9439664779947187,2.392014844441614,-0.1015394621954393,-0.82688035403986,-0.20367375017696587
-0.2796832085930475,0.5686390055503553,0.1664522082130561,-0.04946370965243295,-1.1227220215622986,-1.1148604103399633,-1.0462397120778337,0.5728312742335651,0.3824097461840506,0.6748194921666038
0.3950858928593992,-0.20526101688627274,2.0102045387663496,-0.38770155993598415,0.334456789987025,-1.8120027930089777,-0.6830251710802111,1.3593878313503518,0.6585442726728304,0.28586539072490497
-1.7745453744195883,2.2074011049521536,2.1451491277733883,1.2477420726737338,0.27899416222380197,1.6760180199455643,-1.343476137660182,-1.7870018904477658,-0.8353470532597573,-0.6734906242438685
-0.5184772715008164,0.6935268515060421,1.0291556373256436,0.19584525509768155,0.40825275571447184,-0.28843582669824963,-0.7119197087352347,-0.13509311561175563,-1.7025836042378404,-0.978372777615032
-0.3654694121393102,0.4617282439474346,1.7495767431869393,0.04059169120388238,-0.6629009175509482,-0.13029374594933785,-0.4268428926847617,-0.15980931822876343,-1.4026052717996935,-0.7019916878067554
-2.308062894586638,2.391472993384936,0.44426331148603976,0.7129984301723881,-0.3748208075495975,-1.1374332696276315,-1.7397929805921728,-1.5341070289720813,0.7109599682034915,-0.24032539815813503
-1.5065085976810546,2.1214904949692275,2.2105230015913513,-0.12982069973342616,-0.14700200162848862,1.1751978654454822,-1.704895503185682,-1.1033522242653806,0.9638791167949097,0.0438114719791096
0.7661895995824684,-1.7989045274222892,1.8732977762175456,0.11327041053776446,0.9192289345752035,0.8184162426134993,2.7075946056140583,-0.9339466470198561,-0.668144085538994,-1.4382779783173667
1.8805357348317144,-2.122323479809049,0.15041890514357642,-0.19068240076334658,0.8700677306887542,-2.839506192250438,0.6870871017130624,2.6111252338343056,0.49568188797260465,0.21743287317972287
0.34078436050827116,1.4016173918602124,0.3216978061960136,-0.09888965319114267,-0.29027454418865134,1.5959213673338057,-2.8335953008540056,1.8250073585003719,0.26739231407190295,0.9190764829877686
0.25524640661355863,0.5778918477124908,1.1087035805829077,1.8467073257360336,-0.35929209078705954,0.2701186934072588,-1.4459617068078188,1.1638894687493209,0.5906548306923093,0.5839281853259639
0.30234415556409,1.050051004256496,-1.0810565404082624,0.42961821913258585,0.27157883719537346,-0.8118928913810829,-2.7652958863886186,2.310813324321832,-1.2767485758203094,0.20768768716311115
0.09724409399278676,0.2691403638450925,-1.6609609335159914,1.0807807255546218,0.4591800792284367,-0.38676819546345587,-0.7885722598467652,0.7100183028592928,-0.07016571145864703,0.8339221545489041
1.3411317426428717,-0.7298744585236648,0.42881650033057295,0.20056919723094285,-1.015821818978397,1.0874367578044362,-0.18256143242828737,1.5386691090074331,0.06167984984797165,1.1486373494287152
0.384356116523293,-0.8291648383621051,1.4775300810552618,-0.4532280493272752,0.9553052085705107,0.7550408219403306,1.31071285257381,-0.5212050976653779,0.08840688629184736,0.6963874474567153
1.1333953541511987,-2.170605383998152,-0.2711236010425688,0.3673655068161781,-0.8031789506803448,0.3487991845751599,2.780844752854859,-0.40616017966836915,1.4926885689595217,0.9135846262332494
-1.5105238952376316,0.7761898925637609,-1.0016200098949155,0.20838280794755248,-0.24717738252059693,-1.056696237888816,0.34515533289550304,-1.8609123621752537,-0.6819842479977986,-2.0417348684242906
0.49322968376457416,-1.2883114019398794,-0.0821511783925688,-0.24123605785632987,-1.251539424190444,-1.153525811379916,1.5222237588796885,-0.05992108633223536,1.4437646040732595,0.3520553965142968
-1.4758651072054882,2.0158279393461904,0.3464884758979927,-0.08071658010858232,-1.9982006845321076,-3.03611540745634,-2.7430610105366346,0.5962106022873517,0.9163276747024814,0.07863519031609059
0.2844242260719261,-0.09779120915373049,0.22468472575188592,0.7223813578277714,1.7269638512334051,2.778555394712839,0.576269943940189,-0.6704239968185712,-0.39963618561460235,-0.372833152091767
1.5058572196632003,0.3625855315687681,-0.5290526773462948,-0.2813275571182134,0.5159392177040995,3.108968619114411,-2.022153569529152,2.4163488931628234,-1.5625458568865427,0.06699071722487192
-1.0831068337096883e-05,0.07958747531942838,2.16325472330546,0.04643654815614881,0.7462535660272207,-2.0671261133537007,-0.7498212659005337,0.9661825814538162,0.6454841811410754,-1.3598561409799192
-1.7303943334114449,2.5871116990475924,0.04886007032570433,0.12522450264790727,0.12229750303228377,0.6781750496118617,-2.450119419835103,-0.7975090616128375,0.5432980290363879,-0.429405541125253
-0.36357530865596677,0.7293453978319283,0.4746982328799528,-0.8984679817910373,-0.009118996644203544,-0.6111200466621918,-1.1007171012045551,0.3809525743689065,1.085895565831578,0.028181157369128247
-1.026477573435787,0.9755500017924033,1.2715550949941588,-0.7778166875908753,1.7522704434236227,-1.1934262440997827,-0.7948596210895038,-0.5042536264272356,0.9356783931474612,-1.1105758454658288
-0.15398718489681235,0.015225792735355573,1.0318445394686349,-0.18687164416135904,1.4469778843537329,-1.1153788575945012,-0.1255598557885078,0.1526973617171815,0.19655477651157463,-0.4397310582741749
0.4467892905575072,0.4271445915323463,0.14866745720211155,1.5307508323436974,-0.213442870930208,1.1360807721116186,-1.1760782507987397,1.027504651499881,1.490726136849952,1.2187618516973167
-0.5577429820170068,0.7342566222064526,0.8534155587803077,2.439752406339273,0.5639091200523596,0.4365457276242579,-0.528748613795825,-0.47316450436007396,0.594754341665286,1.3842728185105182
0.5649577838109716,-0.3162119489857773,1.0470983026121545,1.5739867632900328,-1.4643748802098202,0.12191841972932438,-0.15559493789468926,0.7781408049416141,0.22445181855997204,-1.2257656630023412
-0.052316800982290544,1.176899138261747,0.1704162223754877,-0.33708597111803934,-0.30246968648812833,0.34665300734773263,-2.171533537038078,1.214843436265992,-0.38817681854122876,-0.6134026635409398
-1.0215573309672858,1.3383339309394227,1.628396623128538,1.6391168054440675,-0.5535882417079946,2.024561534915027,-0.6051285689320371,-1.3883364542842924,0.5689830791852754,1.6777008140764407
1.2253669818393143,-0.8522895466233683,1.4711703274936085,-0.172946059923423,-1.3719011429313563,1.6833180237381808,0.40016050145290216,0.8845423205629135,-1.6135613978767411,1.7117084801423434
0.9101066417325173,0.2227886119468976,-0.22476540189268354,-1.4848979684499035,0.9343199112392737,1.6083964137687126,-1.306805542155907,1.5783930629205134,-1.366878698415421,-2.553921134901955
-0.49439297111900105,0.6567845802361948,-0.18490213644298903,-0.3095464393139903,-1.251113576385303,-0.15143218954049642,-0.6344760380555565,-0.1863017095285936,0.924027019206901,0.326133022242118
-2.6083423928160507,2.3381948865459705,0.6982233136135899,1.3993554365860021,0.05963036992017413,0.4190730267614229,-0.752084848131459,-2.9045108483303776,-0.6469367777055739,0.9246336829127688
-2.339357088688146,2.263858308075546,0.7604146561442974,-1.889540730945531,-2.4238793266289567,0.7567708537166213,-0.8981670972466806,-2.5558244244465507,-1.5839028234857233,-0.4523063192490767
-0.27249127883421015,-0.46244769589932905,0.4446026682201407,0.5885784044206096,0.3946715298229811,0.19743183641858675,1.3745369895567232,-1.2527376397443857,-1.1958830620351844,1.6699045043514062
-1.7396006966643998,2.3932607424475743,-0.1852876588777083,-1.1875984190295128,0.6337768809320985,1.2398653913864726,-1.8895813396168886,-1.2956631880053902,0.41379909745149823,0.3098207102270275
1.01843947519441,-0.7087785156720657,1.5421099525678756,-0.5518581458924467,-0.5642475986573886,3.1457079823568765,0.8329083803783932,0.0024422715274836637,0.18455130319703697,2.5581992856682523
1.0682539482911477,-0.5624325694142666,-2.152890592952483,-1.331232953557778,0.5079913269125437,1.7693609182187715,0.07511335731075452,0.8706879724275145,-1.1033666061738736,-1.8362053731032966
-0.07449319243967112,-0.11112379874501642,-0.949398888831943,-0.9232332461109043,-0.9758732529773327,-0.8787982376391347,0.07851449701488611,0.06770952858985768,1.0536417966078395,-1.3516846056163336
0.3675350750412452,0.687416331865582,1.3821589910375272,0.820482181197364,1.066674689589154,-0.20267780686659842,-1.962730005440063,1.7427393636180901,1.1692955904456728,0.5072740311072977
0.8112481376811106,-0.6741767094549954,1.8540925663341883,-0.12174750838328353,0.6308116845547775,2.49992063503968,0.8803182951370683,-0.13283534630212435,-1.024186824329205,1.513449743242131
0.33122544924476727,-0.4704313831744354,-0.5640786307367284,-0.5020542243526112,0.7083564472993533,-0.5045654847619092,0.31240590932406576,0.34078664060112396,0.24380071377119883,-1.0212328171307132
-3.4668512423767543,3.497669504077329,0.5931012579683838,-0.3609661658190799,-1.0810633275998973,-1.6345449531485554,-2.403760532194161,-2.4536085530944813,0.6159356069442637,1.159329803364248
0.16411540483720097,0.873122295645072,-0.2817846088605072,1.453384477117701,-0.5228600271532683,-1.1566270958792415,-2.3102228792087462,1.9340251217679594,-0.42018681709585726,1.5795721457307124
-1.7031374656343725,2.3122796588260277,-0.3091164642025014,0.14171691363990474,0.39331783939437187,1.1377464013505203,-1.810298415873183,-1.275176936629586,0.1920491164900316,2.319329539981694
2.1791694566001216,-2.8220227110863334,-0.32483138350862245,1.0098170893426341,2.2524358053443088,-0.7152850133894528,2.2557678347481023,1.4921567945934058,0.9817654869915943,-0.6881503451777238
0.5812803036298446,-2.2226825199383273,1.1484457091967548,3.193107567844861,-0.7517910500951843,0.7855193462407908,3.8118870929436457,-1.85177684312335,-0.4263575962055433,0.29875290836568624
-1.245309516492155,0.15984012638040748,1.8466369960476658,-1.2803043986708944,0.650201177958661,-1.2303699149108083,1.1390678248342423,-1.984698702843774,-0.09917586377938291,0.8724573282801447
0.4433337080867021,0.8209834049866782,-0.8169356709872361,0.6487098875896427,0.14671368643332283,0.22179834397676101,-2.2178164794506214,1.89641736227673,1.2065089665083568,-0.16711808031685435
1.252428737455725,-1.21797922714011,-1.0675329142542729,-0.4036484632419967,0.42359906559346105,1.5065692294220197,1.0394611892749381,0.5594363250440809,2.062524919243145,-0.955122579349353
-1.1047589631612318,1.617234202671993,-1.103589317215771,-0.28067507686677406,-0.09833962679474989,0.16514430444841421,-1.5720830784056954,-0.44007350952551305,-0.9885911071509175,-1.6929568141953855
-0.5215778421437628,0.37553292913602604,-0.43745830032341043,0.648280433843859,0.41953244390702776,1.7474589466840331,0.5088649144949529,-1.3934441885892834,-0.8874921778021001,-0.12094814860778157
-0.01304712904416038,-1.2099259264490163,-0.4461834332147797,0.12810441491078928,0.8406435489887241,-1.816560689062303,1.9120178495479183,-0.7817520902859932,-0.6526239793023909,-0.6810516574748808
0.5815410303653338,0.40509774555181827,-0.6127886904843862,0.2029230208512997,1.5475052013300616,-0.042776787780524295,-1.6650553575247253,1.7863111115637487,1.7958776730955217,-1.515744114997232
0.38658012378955836,0.32001390347133135,-0.5503051538454201,-0.6255627015095294,0.4940301862827388,1.5747854210619452,-0.7495123659517879,0.5788848328164106,0.2606737658239071,0.39580353343740904
-0.1909711588396041,0.6389224092799747,1.0654803750653512,-1.485560373036972,0.889630795623437,-1.4902692033486094,-1.422651896551692,1.0105920782682345,0.08228398927542419,0.26705026586925884
1.379596090924899,-2.0322443770263066,-0.8469613483183278,0.015579047581467534,-1.4400508825942944,-2.274409989988951,1.3970213322960747,1.4006696753736496,1.5945050632249722,-1.0962750868952018
-0.22977297614023098,0.6462282110754941,1.3641404299738442,0.440474737960399,0.5524899544171478,-1.34081882347769,-1.3380952818756109,0.872942394905774,0.22391413406466143,-0.019637798926681216
0.30631496846659767,0.3989837311035424,-0.8946073022195039,-0.30917212346863937,-0.4787486216634773,-0.6026692939598843,-1.413030601946047,1.4165025077835955,1.2557561255735208,0.22213377163371284
-0.8594069106334471,0.9838985947209397,1.2360931752104374,-1.4137144969049802,-0.9039076414647897,1.0817246332254706,-0.4036548971146381,-1.085243952119467,-0.7355299425897666,-0.11122606134870032
-1.304605197768223,0.5453986174473962,1.7275431701007113,0.5228354880354996,-0.02435459226098284,-0.48718845603123406,0.6689751379482116,-1.9420704166271137,2.1422703586118637,-0.573700003938579
-1.0619503239534451,1.514607694713809,1.2276689924732922,0.33088023221445706,-1.9937356425714554,0.9929890907515624,-1.1929162109221672,-0.8227760761677321,0.37405656984757213,0.8335289616089246
1.660455722078483,-2.1447882342711933,1.642015160136369,-0.9913923494563072,-0.6389617476895022,-2.221618308075992,1.2283921018053814,1.8467016025992922,-1.3230897934074983,-2.153390113603715
0.6149379165643276,-0.08040539116062831,-0.7534178703461835,0.2992925804064919,1.5615111967268527,1.4708379760727734,-0.31265855474427373,0.61631123790271,0.032004149065766624,1.301741289398798
-0.801933258580862,1.07248904558515,-1.5929937335316693,0.1053755061459599,-0.6013676439512137,0.665380607251796,-0.7828825770283226,-0.6751447728244404,0.31978193414253697,-1.3340254949182044
-0.9339614346221949,1.1189172860260266,1.1492733262856758,-0.5756378262377739,2.5600845382687947,-0.24375237406096328,-0.9435881115566788,-0.5222168688441473,-0.09605989972464987,0.12200981464536144
0.6646406610609088,-0.7815993617857883,-0.4827435221820324,-0.18289644110484016,-0.6459641791245353,1.9285399302349029,1.1441597113862982,-0.34575229419253084,-0.7991920066502536,1.3748764191481848
0.6287490503232338,-0.0823154861112189,-0.5309969550018176,0.4924512640081491,2.4553001399108942,-0.6014261043142201,-0.9215316567937061,1.5125777235165776,-0.637739984251316,0.2891686439078181
-0.4539386500477907,-0.1984728298147961,0.5078357562896237,0.9278401280812372,0.26859227886325693,0.4077324837794559,1.171993887428241,-1.4038613658524512,1.5284684264125317,0.0570131248970845
-1.4770541423052397,1.3318201666087925,0.6218099622171964,0.7077519354554754,0.632407739055521,-0.8572309374859728,-0.7543453550239477,-1.1762304187347703,0.9725544496267299,-0.5624667758942676
0.15277223439385035,-0.5139789453872824,-1.0448091940210336,0.538296079049633,-0.3649527295428853,1.2696287752648663,1.1659313772268767,-0.8444933516451861,-0.8392096673390064,1.0725073373098022
-0.8860973609001185,1.9138902710551837,0.08182935854756501,0.3885786045309641,-0.006070911539893324,-0.9729366230752021,-2.806815125280041,0.8826628290464126,0.8384907744516419,2.4929995174327906
-0.23413905844583635,0.15487609671564023,0.19109906801990334,0.3686733088729012,0.028744822934817487,-1.0604350210523394,-0.2718311356352141,0.13070358375628044,1.2784518626072987,-0.3933388123273607
-0.3688808932630009,-0.29168922387541696,-1.4307751021180481,1.4401172154494728,1.8009404329108156,-1.1981697976406027,0.7750161704818753,-0.6629156204862827,-0.04015795064434341,-0.6763923020592697
-1.6784031264254702,2.383654672170874,1.0225704320096403,-2.499405714873573,-1.389572466763596,0.9357525243906579,-2.046325274083145,-1.0474900457555931,-1.6453987469568918,2.2909425725907417
-0.23629007443224764,0.25975150350374365,0.6818914896263114,2.5269324258736217,-0.48943944251822213,-2.062348218501169,-0.7643432067179057,0.6773640630830425,1.044160877069072,-0.5308687729203206
-0.3470888995061518,-0.4450150997738619,0.4400144500533324,-0.5551995266931984,-1.448013900416244,-1.824240618697526,0.870035339599599,-0.5451861096581179,-2.198805956620082,1.8811570694405901
-1.4387134010693474,0.5871635236229996,-0.0036025390905684044,0.7858001586508322,-0.966976143129213,-1.2968374980390558,0.5490404670637369,-1.8411967065299764,-0.047711356141979855,0.42545756178496474
0.8893207802909895,-0.45373584929104566,-0.78489831308224,1.196631486645651,-0.1340171666729177,3.4559397089143906,0.6007113386495827,-0.08827581704664555,0.014688194729197093,-0.6097829043193822
-0.8004959409021407,1.0306674762680588,-0.056945623721067457,1.1033018820165215,0.1503017614618776,0.4109771367949704,-0.7743331957505932,-0.6177457407942529,-0.36361221221385587,0.11422764866203965
0.4014979519050854,-0.7381756645057457,-0.17018462252492844,0.7783610761666377,-0.8181988834223072,1.1821434952547096,1.2265139856885623,-0.5491457332066889,-0.0033744574109520514,-0.5511857163285334
1.2186664650080032,-1.8845658831327008,-0.36244094140313216,0.7716987106483447,1.1487657003721035,-1.6594429595409177,1.5122768748683089,0.9787855557918419,-1.7397137787780996,-2.8485426206300755
1.5203806114576346,-1.8929840425292657,-0.810252437014381,-0.03564148229748357,1.1647393544571714,0.8110532250995492,1.7971186673562618,0.5869032404548424,-0.7345915767980492,-1.6151318159055095
0.03669444381839757,-0.21882748360768825,0.6329318177555108,-0.5707462937494763,0.4714155563864041,-1.9118575516043363,-0.16372932365574555,0.6070419356140453,-0.5522230442809712,-0.8323555731042287
1.6125252974893676,-2.2909964175041844,0.3287624103034804,-1.146345393018688,-0.7542758500193579,-1.4957950431325968,1.7971422436883744,1.2554181112749228,-0.06413834659299254,0.30263546523903323
0.9631681159322373,0.9600964562796388,1.8260097135469362,-0.20932367715186612,1.0399046873960764,3.278145022670283,-2.376572676691158,1.9166917243289419,-0.6056155397368641,-0.6690727386599166
0.909191265413031,0.1305299307231464,0.010352619843380607,-0.025026958745143917,1.3902075490173134,2.330997874697628,-0.9148704410817797,1.157969699334828,0.5578103063518622,0.8177662992002871
-0.26053998775690396,-0.13941638735990525,1.262584103427182,0.9325908318730899,-1.7608088119807759,1.2165838128375028,1.0045079246974948,-1.2495811463637367,-1.5256563145700948,-1.4183657329330317
0.9265223729839455,-1.1591895052750354,1.633431532301096,1.1055259329579838,0.6387302220291846,-1.532937078588991,0.5266139945374069,1.2004586991431765,-1.1430049127304835,1.1870303055603801
-0.6690503718125959,0.404385422209335,1.0915068519224618,0.10643022769189683,1.5039929885826886,-1.7745907803127143,-0.3415762298844951,-0.2006642325178868,-2.650969808393012,-0.2549772174208553
-1.6686220411705788,2.271684738288602,-0.6492775450660071,-0.3791277409874871,-0.5816809139486437,1.2544200461757273,-1.7461446496243385,-1.3000657803194962,-1.0147567306928669,-0.20358036010236177
0.33037623588337267,-0.625354886519808,-0.1671217137864115,0.30740669780910074,0.8604734883597454,1.1537110308759673,1.0967740896574167,-0.5501983068713054,-0.5830774385689385,0.8157372125392968
1.401494733098645,-1.7901728553058205,0.8502217421134929,-0.4937565831613125,-0.4281151609659125,-2.7189256748731445,0.7553981739042815,1.9376061927002257,1.5007597906343109,-1.556581898659751
-0.14848461278194458,-0.16584355470423293,-1.4075116947178212,1.246085192497629,-0.34268759408034877,-1.4054481732146404,0.14453730986410096,0.059508912774059564,-0.37144086599579146,-2.0733902324081495
-0.15380454584989794,-0.20675028540412188,0.02975613949574519,1.0531528533329035,0.6815006973726244,-0.9099578401937065,0.3755314306110249,-0.21096102680053574,0.028318376130461172,-0.03955515385665504
0.04631063795654147,0.17867178712863072,1.4205042479898549,-0.6231405264247644,-0.6373871273065177,-1.1860403660988599,-0.762737260462601,0.8213451605218488,1.1890165311075518,-0.5554771191602547
-0.766864552298292,0.7925406063773188,0.169360824036078,0.5583269125217224,0.5387559924463692,0.7647357705623782,-0.24722370116752823,-0.9912729712980601,-0.9206735930793662,0.0760053914124115
0.09608829767921889,-0.2866025677378569,-1.5558956462036273,-1.2239402667622565,-0.7699732310586418,0.06722232641359727,0.45106650921192526,-0.1786606818218076,0.2337859117907477,0.03408346825922607
1.5547045718306969,-0.551129149764336,-1.0623935281468797,0.02421945667275807,-0.07964139124571515,1.7586838931646671,-0.6573698347565926,1.944249028228622,0.4523717962497339,1.4122205554154292
0.24725310178894852,-0.1620351853665684,-0.8848027140269009,-0.15852957302697002,-0.933267959073196,-0.3332311827789738,-0.13150189569471693,0.4730060540390262,-0.4432822511915103,-0.02730453950993186
-1.2796751019306063,1.2459163676473375,1.6964563682900382,0.6060099513456396,1.7547941819843647,-1.2281995607453329,-0.9759671516320605,-0.7002374140137444,-2.081929407883722,-1.280429352496283
-1.2583838748984646,0.016591372153668023,-0.483186462299374,-0.2573765374233451,0.39922312260527926,-2.0670912625225046,1.2044196352251828,-1.84165758188492,0.647195939702741,-1.6685840738775894
0.14219369906380763,-1.2159669467042076,-0.0952955323869521,-0.30777823495300083,0.24938368371075526,-1.478144146746649,1.7952514901262995,-0.5945225529875554,1.5774532797634744,0.21915032766393897
1.0677846664350286,-0.8846514485324476,0.8527736751222195,1.0800480657146485,1.281016361735113,1.1554994301554076,0.5427394669413083,0.7235485089299308,0.0678555105274033,-0.4473218956587512
-0.2481168817910704,0.3674598441083081,-0.9896281365703375,0.17989415115347845,0.918316606002313,-0.7514677259490568,-0.5870465832638297,0.23704997976784847,-1.570500603623177,1.3920022863445993
0.29741881503475,0.3620547430988441,-0.4344962274323156,0.9382838059759977,0.09612077694098337,-1.464461678924419,-1.5729175792182502,1.7122396271229308,-0.4622752887050425,-0.5160447282173739
